h,ne,tn,ti,te
60.000000,nan,238.571121,238.571121,238.571121
61.000000,nan,236.490555,236.490555,236.490555
62.000000,nan,234.500565,234.500565,234.500565
63.000000,nan,232.584885,232.584885,232.584885
64.000000,nan,230.728378,230.728378,230.728378
65.000000,nan,228.916901,228.916901,228.916901
66.000000,nan,227.137100,227.137100,227.137100
67.000000,nan,225.376419,225.376419,225.376419
68.000000,nan,223.623169,223.623169,223.623169
69.000000,nan,221.866302,221.866302,221.866302
70.000000,nan,220.095520,220.095520,220.095520
71.000000,nan,218.301300,218.301300,218.301300
72.000000,nan,216.474701,216.474701,216.474701
73.000000,nan,214.642273,214.642273,214.642273
74.000000,nan,212.991928,212.991928,212.991928
75.000000,nan,211.521484,211.521484,211.521484
76.000000,nan,210.195572,210.195572,210.195572
77.000000,nan,208.981079,208.981079,208.981079
78.000000,nan,207.846634,207.846634,207.846634
79.000000,nan,206.762512,206.762512,206.762512
80.000000,0.122309,205.700226,205.700226,205.700226
81.000000,0.139272,204.632553,204.632553,204.632553
82.000000,0.153073,203.533386,203.533386,203.533386
83.000000,0.163568,202.377899,202.377899,202.377899
84.000000,0.171158,201.142502,201.142502,201.142502
85.000000,0.176658,199.805023,199.805023,199.805023
86.000000,0.181162,198.344925,198.344925,198.344925
87.000000,0.187063,196.743530,196.743530,196.743530
88.000000,0.199341,194.984131,194.984131,194.984131
89.000000,0.224980,193.052475,193.052475,193.052475
90.000000,0.275980,190.936707,190.936707,190.936707
91.000000,0.310859,188.650589,188.650589,188.650589
92.000000,0.327751,186.296967,186.296967,186.296967
93.000000,0.341938,183.991287,183.991287,183.991287
94.000000,0.353585,181.837814,181.837814,181.837814
95.000000,0.362932,179.931122,179.931122,179.931122
96.000000,0.370259,178.358597,178.358597,178.358597
97.000000,0.375863,177.203552,177.203552,177.203552
98.000000,0.380039,176.549149,176.549149,176.549149
99.000000,0.383060,176.483032,176.483032,176.483032
100.000000,0.385176,177.102997,177.102997,177.102997
101.000000,0.386602,178.496262,178.496262,178.496262
102.000000,0.387519,180.659897,180.659897,180.659897
103.000000,0.388078,183.579498,183.579498,183.579498
104.000000,0.388394,187.253693,187.253693,187.253693
105.000000,0.388557,191.692322,191.692322,191.692322
106.000000,0.388631,196.914719,196.914719,196.914719
107.000000,0.388658,202.948318,202.948318,202.948318
108.000000,0.388666,209.827148,209.827148,209.827148
109.000000,0.388667,217.589981,217.589981,217.589981
110.000000,0.388667,226.278244,226.278244,226.278244
111.000000,0.387155,235.932816,235.932816,235.932816
112.000000,0.383007,246.591263,246.591263,246.591263
113.000000,0.376798,258.281006,258.281006,258.281006
114.000000,0.369064,271.011383,271.011383,271.011383
115.000000,0.360294,284.763062,284.763062,284.763062
116.000000,0.350909,299.474213,299.474213,299.474213
117.000000,0.341267,315.023590,315.023590,315.023590
118.000000,0.331662,331.210449,331.210449,331.210449
119.000000,0.322328,347.733215,347.733215,347.733215
120.000000,0.313445,364.169495,364.169495,364.169495
121.000000,0.305149,379.963287,379.963287,379.963287
122.000000,0.297538,394.426270,394.426270,394.426270
123.000000,0.290677,406.762482,406.762482,406.762482
124.000000,0.284610,415.282684,415.282684,418.242462
125.000000,0.279358,423.997375,423.997375,431.760651
126.000000,0.274928,432.421021,432.421021,445.278778
127.000000,0.271316,440.563416,440.563416,458.796875
128.000000,0.268509,448.434021,448.434021,472.314911
129.000000,0.266488,456.041992,456.041992,485.832886
130.000000,0.265228,463.396179,463.396179,499.350769
131.000000,0.264703,470.505127,470.505127,512.868530
132.000000,0.264882,477.377075,477.377075,526.386230
133.000000,0.265731,484.019989,484.019989,539.903687
134.000000,0.267217,490.441589,490.441589,553.421021
135.000000,0.269301,496.649292,496.649292,566.938171
136.000000,0.271945,502.650330,502.650330,580.454956
137.000000,0.275108,508.451538,508.451538,593.971497
138.000000,0.278746,514.059753,514.059753,607.487549
139.000000,0.282816,519.481384,519.481384,621.003113
140.000000,0.287270,524.722717,524.722717,634.518005
141.000000,0.292062,529.789734,529.789734,648.032288
142.000000,0.297144,534.688416,534.688416,661.545593
143.000000,0.302468,539.424255,539.424255,675.057739
144.000000,0.307989,544.002808,544.002808,688.568542
145.000000,0.313665,548.429321,548.429321,702.077698
146.000000,0.319458,552.708923,552.708923,715.584778
147.000000,0.325336,556.846436,556.846436,729.089355
148.000000,0.331279,560.846741,560.846741,742.590942
149.000000,0.337274,564.714355,564.714355,756.088867
150.000000,0.343325,568.453674,568.453674,769.582214
151.000000,0.349453,572.069092,572.069092,783.070007
152.000000,0.355695,575.564697,575.564697,796.551147
153.000000,0.362116,578.944458,578.944458,810.023987
154.000000,0.368803,582.212341,582.212341,823.486755
155.000000,0.375876,585.372009,585.372009,836.937439
156.000000,0.383490,588.427124,588.427124,850.373108
157.000000,0.405710,591.381104,591.381104,863.790649
158.000000,0.447206,594.237427,594.237427,877.186035
159.000000,0.484231,596.999268,596.999268,890.554565
160.000000,0.518375,599.669861,599.669861,903.890198
161.000000,0.550455,602.252136,602.252136,917.186157
162.000000,0.580950,604.749146,604.749146,930.433716
163.000000,0.610171,607.163635,607.163635,943.622803
164.000000,0.638333,609.498413,609.498413,956.740967
165.000000,0.665592,611.756104,611.756104,969.773682
166.000000,0.692065,613.939331,613.939331,982.703369
167.000000,0.717841,616.050537,616.050537,995.509155
168.000000,0.742990,618.092102,618.092102,1008.166931
169.000000,0.767571,620.066406,620.066406,1020.648010
170.000000,0.791629,621.975586,621.975586,1032.919922
171.000000,0.815205,623.821899,623.821899,1044.944824
172.000000,0.838329,625.607361,625.607361,1056.680908
173.000000,0.861031,627.334045,627.334045,1068.081421
174.000000,0.883333,629.003906,629.003906,1079.096069
175.000000,0.905256,630.618774,630.618774,1089.671631
176.000000,0.926819,632.180542,632.180542,1099.754150
177.000000,0.948036,633.690979,633.690979,1109.290161
178.000000,0.968923,635.151672,635.151672,1118.229736
179.000000,0.989525,636.564453,636.564453,1126.529419
180.000000,1.010168,637.930725,637.930725,1134.154663
181.000000,1.030921,639.252136,639.252136,1141.082520
182.000000,1.051775,640.530151,640.530151,1147.303345
183.000000,1.072721,641.766235,641.766235,1152.821289
184.000000,1.093749,642.961731,642.961731,1157.654297
185.000000,1.114849,644.117981,644.117981,1161.832275
186.000000,1.136011,645.236328,645.236328,1165.395508
187.000000,1.157226,646.317993,646.317993,1168.391479
188.000000,1.178482,647.364258,647.364258,1170.872681
189.000000,1.199769,648.376160,648.376160,1172.893066
190.000000,1.221078,649.354919,649.354919,1174.506592
191.000000,1.242397,650.301636,650.301636,1175.765015
192.000000,1.263716,651.217407,651.217407,1176.716309
193.000000,1.285023,652.103149,652.103149,1177.404297
194.000000,1.306309,652.959900,652.959900,1177.868408
195.000000,1.327561,653.788635,653.788635,1178.143311
196.000000,1.348770,654.590271,654.590271,1178.259277
197.000000,1.369924,655.365723,655.365723,1178.242065
198.000000,1.391012,656.115784,656.115784,1178.114258
199.000000,1.412023,656.841370,656.841370,1177.893799
200.000000,1.432946,657.543274,657.543274,1177.597046
201.000000,1.453770,658.222229,659.239014,1177.237061
202.000000,1.474483,658.878967,660.934753,1176.824951
203.000000,1.495076,659.514343,662.630493,1176.369751
204.000000,1.515538,660.128967,664.326233,1175.879272
205.000000,1.535856,660.723572,666.021973,1175.359741
206.000000,1.556021,661.298767,667.717712,1174.816040
207.000000,1.576023,661.855225,669.413452,1174.252686
208.000000,1.595850,662.393555,671.109192,1173.673218
209.000000,1.615492,662.914307,672.804932,1173.080444
210.000000,1.634938,663.418152,674.500671,1172.476807
211.000000,1.654180,663.905579,676.196411,1171.864380
212.000000,1.673206,664.377136,677.892151,1171.244873
213.000000,1.692008,664.833313,679.587891,1170.619019
214.000000,1.710575,665.274719,681.283630,1169.988403
215.000000,1.728898,665.701721,682.979370,1169.353638
216.000000,1.746969,666.114868,684.675110,1168.715698
217.000000,1.764777,666.514587,686.370850,1168.074951
218.000000,1.782314,666.901306,688.066589,1167.432129
219.000000,1.799573,667.275452,689.762329,1166.787720
220.000000,1.816544,667.637512,691.458069,1166.141602
221.000000,1.833220,667.987793,693.153809,1165.494141
222.000000,1.849593,668.326660,694.849548,1164.845703
223.000000,1.865655,668.654541,696.545288,1164.196533
224.000000,1.881400,668.971863,698.241028,1163.546631
225.000000,1.896821,669.278809,699.936768,1162.896240
226.000000,1.911912,669.575867,701.632507,1162.245605
227.000000,1.926666,669.863281,703.328247,1161.594482
228.000000,1.941077,670.141357,705.023987,1160.942993
229.000000,1.955140,670.410461,706.719727,1160.291260
230.000000,1.968850,670.670837,708.415466,1159.639282
231.000000,1.982203,670.922791,710.111206,1158.987061
232.000000,1.995193,671.166626,711.806946,1158.334961
233.000000,2.007817,671.402527,713.502686,1157.682861
234.000000,2.020071,671.630859,715.198425,1157.030396
235.000000,2.031953,671.851746,716.894165,1156.377930
236.000000,2.043458,672.065552,718.589905,1155.725342
237.000000,2.054585,672.272400,720.285645,1155.072510
238.000000,2.065331,672.472595,721.981384,1154.419922
239.000000,2.075695,672.666321,723.677124,1153.767212
240.000000,2.085676,672.853760,725.372864,1153.114746
241.000000,2.095272,673.035217,727.068604,1152.461914
242.000000,2.104484,673.210754,728.764343,1151.809082
243.000000,2.113311,673.380676,730.460083,1151.156494
244.000000,2.121753,673.545105,732.155823,1150.503662
245.000000,2.129811,673.704224,733.851562,1149.850830
246.000000,2.137487,673.858215,735.547302,1149.197998
247.000000,2.144783,674.007263,737.243042,1148.545410
248.000000,2.151699,674.151550,738.938782,1147.892578
249.000000,2.158239,674.291138,740.634521,1147.239746
250.000000,2.164406,674.426270,742.330261,1146.586914
251.000000,2.170202,674.557007,744.026001,1145.933960
252.000000,2.175633,674.683533,745.721741,1145.281128
253.000000,2.180702,674.806030,747.417480,1144.628296
254.000000,2.185413,674.924622,749.113220,1143.975708
255.000000,2.189773,675.039368,750.808960,1143.322998
256.000000,2.193786,675.150391,752.504700,1142.669922
257.000000,2.197459,675.257874,754.200439,1142.017090
258.000000,2.200799,675.361938,755.896179,1141.364258
259.000000,2.203812,675.462646,757.591919,1140.711426
260.000000,2.206506,675.560059,759.287659,1140.058594
261.000000,2.208890,675.654419,760.983398,1139.406006
262.000000,2.210972,675.745728,762.679138,1138.753174
263.000000,2.212762,675.834106,764.374878,1138.100342
264.000000,2.214271,675.919678,766.070618,1137.447388
265.000000,2.215508,676.002502,767.766357,1136.794678
266.000000,2.216488,676.082642,769.462097,1136.141724
267.000000,2.217222,676.160278,771.157837,1135.489014
268.000000,2.217726,676.235352,772.853577,1134.836304
269.000000,2.218016,676.308105,774.549316,1134.183350
270.000000,2.218116,676.378479,776.245056,1133.530518
271.000000,2.218048,676.446594,777.940796,1132.877686
272.000000,2.217817,676.512573,779.636536,1132.224854
273.000000,2.217425,676.576416,781.332275,1131.571899
274.000000,2.216874,676.638184,783.028015,1130.919067
275.000000,2.216167,676.698059,784.723755,1130.266235
276.000000,2.215306,676.755981,786.419495,1129.613647
277.000000,2.214292,676.812012,788.115234,1128.960815
278.000000,2.213129,676.866333,789.810974,1128.307983
279.000000,2.211819,676.918884,791.506714,1127.655029
280.000000,2.210364,676.969727,793.202454,1127.002197
281.000000,2.208766,677.018982,794.898193,1126.349365
282.000000,2.207027,677.066650,796.593933,1125.696533
283.000000,2.205152,677.112854,798.289673,1125.043945
284.000000,2.203140,677.157532,799.985413,1124.390991
285.000000,2.200996,677.200806,801.681152,1123.738159
286.000000,2.198720,677.242676,803.376892,1123.085327
287.000000,2.196317,677.283203,805.072632,1122.432495
288.000000,2.193788,677.322510,806.768372,1121.779663
289.000000,2.191135,677.360535,808.464111,1121.126709
290.000000,2.188361,677.397339,810.159851,1120.474365
291.000000,2.185468,677.432983,811.855591,1119.821411
292.000000,2.182460,677.467468,813.551331,1119.168579
293.000000,2.179337,677.500854,815.247070,1118.515747
294.000000,2.176103,677.533203,816.942810,1117.862671
295.000000,2.172760,677.564514,818.638550,1117.210205
296.000000,2.169310,677.594849,820.334351,1116.557129
297.000000,2.165756,677.624207,822.030029,1115.904785
298.000000,2.162100,677.652649,823.725830,1115.251831
299.000000,2.158344,677.680176,825.421509,1114.598877
300.000000,2.154491,677.706848,827.117310,1113.946289
301.000000,2.150543,677.732666,828.812988,1113.293457
302.000000,2.146503,677.757629,830.508789,1112.640869
303.000000,2.142371,677.781860,832.204468,1111.988159
304.000000,2.138152,677.805298,833.900269,1111.335693
305.000000,2.133847,677.828003,835.595947,1110.683228
306.000000,2.129458,677.849976,837.291748,1110.030518
307.000000,2.124987,677.871216,838.987427,1109.378174
308.000000,2.120438,677.891846,840.683228,1108.725708
309.000000,2.115811,677.911804,842.378906,1108.073486
310.000000,2.111109,677.931152,844.074707,1107.421265
311.000000,2.106334,677.949829,845.770386,1106.769531
312.000000,2.101488,677.967957,847.466187,1106.117798
313.000000,2.096573,677.985535,849.161865,1105.465942
314.000000,2.091592,678.002502,850.857666,1104.814697
315.000000,2.086546,678.018982,852.553345,1104.163696
316.000000,2.081437,678.034912,854.249146,1103.513184
317.000000,2.076267,678.050354,855.944824,1102.863159
318.000000,2.071039,678.065308,857.640625,1102.213989
319.000000,2.065754,678.079773,859.336304,1101.565308
320.000000,2.060414,678.093811,861.032104,1100.917603
321.000000,2.055020,678.107361,862.727783,1100.270996
322.000000,2.049576,678.120544,864.423584,1099.625854
323.000000,2.044081,678.133301,866.119263,1098.982300
324.000000,2.038539,678.145630,867.815002,1098.340698
325.000000,2.032951,678.157532,869.510681,1097.702026
326.000000,2.027319,678.169128,871.206482,1097.066040
327.000000,2.021644,678.180359,872.902161,1096.433838
328.000000,2.015929,678.191223,874.597961,1095.806152
329.000000,2.010174,678.201721,876.293640,1095.183838
330.000000,2.004381,678.211914,877.989441,1094.568481
331.000000,1.998553,678.221741,879.685120,1093.960815
332.000000,1.992690,678.231323,881.380920,1093.363525
333.000000,1.986794,678.240540,883.076599,1092.777832
334.000000,1.980867,678.249512,884.772400,1092.206421
335.000000,1.974909,678.258240,886.468018,1091.652222
336.000000,1.968924,678.266602,888.163818,1091.118774
337.000000,1.962911,678.274780,889.859497,1090.610107
338.000000,1.956872,678.282654,891.555298,1090.131104
339.000000,1.950809,678.290283,893.250977,1089.686646
340.000000,1.944723,678.297729,894.946716,1089.283691
341.000000,1.938616,678.304871,896.642395,1088.928345
342.000000,1.932488,678.311829,898.338196,1088.628906
343.000000,1.926341,678.318542,900.033875,1088.393433
344.000000,1.920176,678.325073,901.729614,1088.230225
345.000000,1.913994,678.331421,903.425293,1088.148804
346.000000,1.907797,678.337524,905.121033,1088.157104
347.000000,1.901586,678.343445,906.816711,1088.263184
348.000000,1.895361,678.349182,908.512451,1088.473389
349.000000,1.889125,678.354736,910.208130,1088.793335
350.000000,1.882877,678.360107,911.903870,1089.226196
351.000000,1.876620,678.365356,913.599487,1089.773804
352.000000,1.870354,678.370422,915.295288,1090.433838
353.000000,1.864080,678.375305,916.990906,1091.203613
354.000000,1.857799,678.380066,918.686646,1092.077515
355.000000,1.851512,678.384644,920.382263,1093.049438
356.000000,1.845221,678.389099,922.078003,1094.111450
357.000000,1.838925,678.393433,923.773560,1095.254272
358.000000,1.832626,678.397583,925.469299,1096.469849
359.000000,1.826325,678.401672,927.164856,1097.749634
360.000000,1.820023,678.405579,928.860596,1099.084961
361.000000,1.813720,678.409363,930.556152,1100.468262
362.000000,1.807417,678.413086,932.251770,1101.892578
363.000000,1.801116,678.416626,933.947327,1103.351685
364.000000,1.794816,678.420105,935.642944,1104.840576
365.000000,1.788520,678.423462,937.338501,1106.354126
366.000000,1.782226,678.426697,939.034058,1107.888672
367.000000,1.775936,678.429810,940.729553,1109.440186
368.000000,1.769652,678.432861,942.425110,1111.005981
369.000000,1.763373,678.435852,944.120544,1112.583740
370.000000,1.757100,678.438721,945.816040,1114.171021
371.000000,1.750833,678.441467,947.511414,1115.766968
372.000000,1.744575,678.444153,949.206848,1117.369263
373.000000,1.738324,678.446777,950.902100,1118.977295
374.000000,1.732081,678.449280,952.597473,1120.589355
375.000000,1.725849,678.451721,954.292664,1122.205444
376.000000,1.719625,678.454102,955.987976,1123.824707
377.000000,1.713412,678.456360,957.683044,1125.446045
378.000000,1.707210,678.458618,959.378174,1127.069702
379.000000,1.701020,678.460754,961.073181,1128.695068
380.000000,1.694840,678.462830,962.768188,1130.322021
381.000000,1.688674,678.464844,964.463013,1131.949829
382.000000,1.682520,678.466858,966.157837,1133.578613
383.000000,1.676379,678.468750,967.852417,1135.208130
384.000000,1.670252,678.470581,969.547058,1136.838013
385.000000,1.664139,678.472351,971.241455,1138.468384
386.000000,1.658041,678.474060,972.935852,1140.099976
387.000000,1.651958,678.475769,974.629944,1141.731079
388.000000,1.645890,678.477356,976.323975,1143.363037
389.000000,1.639837,678.478943,978.017761,1144.994751
390.000000,1.633800,678.480469,979.711426,1146.627075
391.000000,1.627780,678.481934,981.404785,1148.259155
392.000000,1.621777,678.483398,983.097961,1149.891724
393.000000,1.615790,678.484802,984.790894,1151.524048
394.000000,1.609821,678.486145,986.483459,1153.156616
395.000000,1.603870,678.487427,988.175781,1154.789185
396.000000,1.597936,678.488708,989.867676,1156.422363
397.000000,1.592021,678.489929,991.559265,1158.055176
398.000000,1.586124,678.491089,993.250366,1159.687500
399.000000,1.580245,678.492249,994.940979,1161.320557
400.000000,1.574386,678.493347,996.631165,1162.953125
401.000000,1.568546,678.494446,998.320740,1164.586182
402.000000,1.562726,678.495483,1000.009705,1166.219360
403.000000,1.556925,678.496521,1001.697998,1167.852051
404.000000,1.551144,678.497498,1003.385559,1169.485107
405.000000,1.545383,678.498474,1005.072327,1171.117554
406.000000,1.539642,678.499390,1006.758240,1172.750977
407.000000,1.533922,678.500244,1008.443237,1174.383667
408.000000,1.528222,678.501160,1010.127136,1176.016602
409.000000,1.522543,678.501953,1011.809937,1177.649780
410.000000,1.516885,678.502808,1013.491577,1179.282471
411.000000,1.511248,678.503601,1015.171936,1180.915894
412.000000,1.505633,678.504333,1016.850830,1182.548340
413.000000,1.500039,678.505127,1018.528259,1184.181641
414.000000,1.494466,678.505798,1020.204041,1185.814331
415.000000,1.488915,678.506531,1021.878113,1187.447266
416.000000,1.483385,678.507202,1023.550293,1189.080688
417.000000,1.477878,678.507874,1025.220459,1190.713379
418.000000,1.472392,678.508484,1026.888794,1192.346558
419.000000,1.466929,678.509094,1028.554810,1193.979004
420.000000,1.461488,678.509705,1030.218384,1195.612305
421.000000,1.456068,678.510254,1031.879517,1197.245728
422.000000,1.450672,678.510864,1033.538208,1198.878174
423.000000,1.445297,678.511414,1035.194336,1200.510864
424.000000,1.439945,678.511902,1036.847534,1202.144043
425.000000,1.434616,678.512451,1038.497925,1203.777344
426.000000,1.429309,678.512939,1040.145630,1205.410034
427.000000,1.424024,678.513428,1041.790161,1207.043213
428.000000,1.418762,678.513855,1043.431641,1208.676025
429.000000,1.413523,678.514343,1045.070068,1210.308960
430.000000,1.408307,678.514771,1046.705566,1211.941528
431.000000,1.403114,678.515198,1048.338013,1213.575195
432.000000,1.397943,678.515564,1049.967163,1215.208374
433.000000,1.392795,678.515991,1051.593262,1216.840820
434.000000,1.387670,678.516357,1053.216431,1218.473755
435.000000,1.382568,678.516785,1054.836670,1220.106689
436.000000,1.377488,678.517090,1056.453857,1221.739746
437.000000,1.372432,678.517456,1058.068237,1223.372681
438.000000,1.367398,678.517822,1059.679932,1225.006104
439.000000,1.362387,678.518127,1061.289062,1226.639160
440.000000,1.357399,678.518494,1062.895508,1228.271606
441.000000,1.352434,678.518799,1064.499512,1229.905151
442.000000,1.347492,678.519104,1066.101318,1231.538086
443.000000,1.342573,678.519348,1067.700928,1233.171021
444.000000,1.337676,678.519653,1069.298340,1234.803589
445.000000,1.332802,678.519958,1070.893677,1236.437134
446.000000,1.327951,678.520203,1072.487427,1238.069824
447.000000,1.323123,678.520447,1074.079346,1239.703125
448.000000,1.318317,678.520691,1075.669678,1241.336060
449.000000,1.313534,678.520935,1077.258423,1242.968994
450.000000,1.308774,678.521179,1078.845825,1244.601807
451.000000,1.304037,678.521423,1080.432007,1246.234497
452.000000,1.299322,678.521667,1082.016846,1247.868164
453.000000,1.294629,678.521851,1083.600586,1249.501221
454.000000,1.289959,678.522095,1085.183350,1251.133911
455.000000,1.285311,678.522278,1086.765259,1252.767212
456.000000,1.280686,678.522461,1088.346069,1254.400146
457.000000,1.276083,678.522644,1089.926147,1256.033447
458.000000,1.271502,678.522827,1091.505615,1257.666260
459.000000,1.266944,678.523010,1093.084473,1259.299561
460.000000,1.262408,678.523193,1094.662476,1260.932617
461.000000,1.257894,678.523376,1096.239990,1262.565552
462.000000,1.253402,678.523499,1097.817139,1264.199219
463.000000,1.248932,678.523682,1099.393799,1265.832153
464.000000,1.244484,678.523865,1100.969849,1267.465332
465.000000,1.240058,678.523987,1102.545654,1269.098267
466.000000,1.235653,678.524109,1104.121094,1270.731689
467.000000,1.231271,678.524292,1105.696289,1272.365356
468.000000,1.226910,678.524414,1107.270996,1273.998413
469.000000,1.222570,678.524536,1108.845581,1275.631958
470.000000,1.218253,678.524658,1110.419922,1277.265015
471.000000,1.213956,678.524780,1111.994019,1278.898438
472.000000,1.209681,678.524902,1113.567871,1280.531982
473.000000,1.205428,678.525024,1115.141602,1282.166016
474.000000,1.201195,678.525146,1116.715210,1283.799072
475.000000,1.196984,678.525269,1118.288574,1285.432739
476.000000,1.192794,678.525330,1119.861816,1287.066406
477.000000,1.188624,678.525452,1121.434937,1288.700317
478.000000,1.184476,678.525574,1123.008057,1290.334229
479.000000,1.180349,678.525635,1124.581055,1291.968140
480.000000,1.176242,678.525757,1126.153809,1293.602173
481.000000,1.172156,678.525818,1127.726440,1295.236450
482.000000,1.168091,678.525940,1129.299194,1296.870850
483.000000,1.164046,678.526001,1130.871948,1298.505859
484.000000,1.160021,678.526123,1132.444458,1300.140015
485.000000,1.156017,678.526184,1134.016846,1301.774780
486.000000,1.152033,678.526245,1135.589355,1303.409790
487.000000,1.148069,678.526306,1137.161865,1305.045654
488.000000,1.144126,678.526428,1138.734131,1306.681152
489.000000,1.140202,678.526489,1140.306396,1308.316406
490.000000,1.136299,678.526550,1141.878784,1309.952881
491.000000,1.132414,678.526611,1143.451050,1311.588745
492.000000,1.128550,678.526672,1145.023193,1313.226074
493.000000,1.124706,678.526733,1146.595459,1314.862671
494.000000,1.120881,678.526794,1148.167603,1316.500732
495.000000,1.117075,678.526855,1149.739868,1318.138794
496.000000,1.113289,678.526917,1151.312012,1319.776855
497.000000,1.109522,678.526978,1152.884033,1321.416626
498.000000,1.105775,678.527039,1154.456177,1323.056030
499.000000,1.102046,678.527100,1156.028442,1324.697021
500.000000,1.098336,678.527161,1157.600464,1326.337891
501.000000,1.094646,678.527161,1159.172485,1327.980591
502.000000,1.090974,678.527222,1160.744507,1329.624390
503.000000,1.087321,678.527283,1162.316650,1331.268066
504.000000,1.083686,678.527344,1163.888672,1332.913940
505.000000,1.080071,678.527344,1165.460693,1334.560181
506.000000,1.076473,678.527405,1167.032715,1336.208374
507.000000,1.072894,678.527466,1168.604858,1337.858032
508.000000,1.069333,678.527466,1170.176758,1339.509521
509.000000,1.065791,678.527527,1171.748779,1341.163574
510.000000,1.062266,678.527588,1173.320801,1342.819092
511.000000,1.058760,678.527588,1174.892944,1344.476929
512.000000,1.055271,678.527649,1176.464844,1346.136963
513.000000,1.051800,678.527649,1178.036865,1347.800049
514.000000,1.048347,678.527710,1179.608887,1349.466431
515.000000,1.044912,678.527771,1181.180908,1351.136719
516.000000,1.041494,678.527771,1182.752930,1352.810181
517.000000,1.038094,678.527832,1184.324829,1354.487915
518.000000,1.034711,678.527832,1185.896851,1356.169434
519.000000,1.031345,678.527832,1187.468872,1357.856567
520.000000,1.027997,678.527893,1189.040894,1359.549683
521.000000,1.024665,678.527893,1190.612793,1361.247681
522.000000,1.021351,678.527954,1192.184814,1362.952759
523.000000,1.018053,678.527954,1193.756836,1364.664795
524.000000,1.014772,678.528015,1195.328735,1366.385254
525.000000,1.011508,678.528015,1196.900757,1368.114136
526.000000,1.008260,678.528015,1198.472778,1369.850708
527.000000,1.005030,678.528076,1200.044800,1371.598999
528.000000,1.001815,678.528076,1201.616699,1373.357056
529.000000,0.998617,678.528076,1203.188599,1375.127563
530.000000,0.995435,678.528137,1204.760620,1376.911255
531.000000,0.992270,678.528137,1206.332642,1378.707886
532.000000,0.989120,678.528137,1207.904663,1380.520752
533.000000,0.985987,678.528198,1209.476562,1382.347900
534.000000,0.982869,678.528198,1211.048584,1384.193726
535.000000,0.979767,678.528198,1212.620605,1386.057251
536.000000,0.976682,678.528259,1214.192505,1387.940186
537.000000,0.973611,678.528259,1215.764404,1389.844849
538.000000,0.970556,678.528259,1217.336426,1391.770752
539.000000,0.967517,678.528259,1218.908447,1393.721069
540.000000,0.964493,678.528320,1220.480469,1395.695557
541.000000,0.961484,678.528320,1222.052368,1397.696045
542.000000,0.958491,678.528320,1223.624390,1399.723511
543.000000,0.955513,678.528320,1225.196411,1401.779053
544.000000,0.952550,678.528381,1226.768311,1403.864014
545.000000,0.949601,678.528381,1228.340210,1405.979004
546.000000,0.946668,678.528381,1229.912231,1408.124878
547.000000,0.943749,678.528381,1231.484253,1410.302490
548.000000,0.940845,678.528381,1233.056152,1412.512207
549.000000,0.937956,678.528442,1234.628174,1414.755127
550.000000,0.935081,678.528442,1236.200195,1417.029785
551.000000,0.932221,678.528442,1237.772217,1419.338379
552.000000,0.929375,678.528442,1239.344116,1421.678833
553.000000,0.926543,678.528442,1240.916016,1424.051880
554.000000,0.923726,678.528503,1242.488037,1426.458130
555.000000,0.920923,678.528503,1244.060059,1428.895996
556.000000,0.918134,678.528503,1245.631958,1431.363892
557.000000,0.915358,678.528503,1247.203857,1433.862793
558.000000,0.912597,678.528503,1248.775879,1436.389893
559.000000,0.909849,678.528503,1250.348022,1438.945679
560.000000,0.907116,678.528503,1251.919922,1441.529053
561.000000,0.904395,678.528564,1253.491821,1444.136963
562.000000,0.901689,678.528564,1255.063843,1446.770996
563.000000,0.898996,678.528564,1256.635864,1449.428345
564.000000,0.896316,678.528564,1258.207764,1452.106934
565.000000,0.893650,678.528564,1259.779663,1454.807861
566.000000,0.890996,678.528564,1261.351685,1457.526611
567.000000,0.888357,678.528564,1262.923706,1460.265137
568.000000,0.885730,678.528564,1264.495605,1463.019897
569.000000,0.883116,678.528564,1266.067627,1465.791138
570.000000,0.880515,678.528625,1267.639648,1468.577881
571.000000,0.877927,678.528625,1269.211670,1471.378052
572.000000,0.875352,678.528625,1270.783569,1474.190796
573.000000,0.872789,678.528625,1272.355469,1477.014404
574.000000,0.870239,678.528625,1273.927490,1479.851074
575.000000,0.867702,678.528625,1275.499512,1482.696655
576.000000,0.865177,678.528625,1277.071411,1485.551147
577.000000,0.862665,678.528625,1278.643311,1488.415039
578.000000,0.860165,678.528625,1280.215332,1491.285645
579.000000,0.857677,678.528625,1281.787476,1494.164917
580.000000,0.855201,678.528625,1283.359375,1497.049194
581.000000,0.852738,678.528687,1284.931274,1499.939575
582.000000,0.850286,678.528687,1286.503296,1502.836304
583.000000,0.847847,678.528687,1288.075317,1505.736938
584.000000,0.845420,678.528687,1289.647339,1508.643188
585.000000,0.843004,678.528687,1291.219238,1511.552856
586.000000,0.840600,678.528687,1292.791138,1514.466431
587.000000,0.838208,678.528687,1294.363159,1517.382935
588.000000,0.835828,678.528687,1295.935181,1520.303467
589.000000,0.833459,678.528687,1297.507202,1523.225830
590.000000,0.831101,678.528687,1299.079102,1526.151733
591.000000,0.828755,678.528687,1300.651123,1529.079712
592.000000,0.826421,678.528687,1302.223145,1532.009521
593.000000,0.824097,678.528687,1303.795044,1534.941162
594.000000,0.821785,678.528687,1305.366943,1537.874756
595.000000,0.819485,678.528687,1306.938965,1540.809814
596.000000,0.817195,678.528687,1308.510986,1543.746460
597.000000,0.814916,678.528687,1310.082886,1546.684326
598.000000,0.812648,678.528687,1311.654785,1549.623413
599.000000,0.810391,678.528748,1313.226807,1552.563477
600.000000,0.808145,678.528748,1314.798950,1555.505005
